id,x_point,y_point,university,created_at,updated_at
,37.464007,126.9522394,서울대학교,,
,37.464007,126.9522394,서울대학교,,
,37.464007,126.9522394,서울대학교,,
,37.464007,126.9522394,서울대학교,,
,37.464007,126.9522394,서울대학교,,
,37.464007,126.9522394,서울대학교,,
,37.464007,126.9522394,서울대학교,,
,37.464007,126.9522394,서울대학교,,
,37.464007,126.9522394,서울대학교,,
,37.464007,126.9522394,서울대학교,,
,37.464007,126.9522394,서울대학교,,
,37.464007,126.9522394,서울대학교,,
,37.464007,126.9522394,서울대학교,,
,37.464007,126.9522394,서울대학교,,
,37.464007,126.9522394,서울대학교,,
,37.464007,126.9522394,서울대학교,,
,37.464007,126.9522394,서울대학교,,
,37.464007,126.9522394,서울대학교,,
,37.464007,126.9522394,서울대학교,,
,37.464007,126.9522394,서울대학교,,
,37.464007,126.9522394,서울대학교,,
,37.464007,126.9522394,서울대학교,,
,37.464007,126.9522394,서울대학교,,
,37.464007,126.9522394,서울대학교,,
,37.464007,126.9522394,서울대학교,,
,37.464007,126.9522394,서울대학교,,
,37.464007,126.9522394,서울대학교,,
,37.464007,126.9522394,서울대학교,,
,37.464007,126.9522394,서울대학교,,
,37.464007,126.9522394,서울대학교,,
,37.464007,126.9522394,서울대학교,,
,37.464007,126.9522394,서울대학교,,
,37.464007,126.9522394,서울대학교,,
,37.464007,126.9522394,서울대학교,,
,37.464007,126.9522394,서울대학교,,
,37.464007,126.9522394,서울대학교,,
,37.464007,126.9522394,서울대학교,,
,37.464007,126.9522394,서울대학교,,
,37.464007,126.9522394,서울대학교,,
,37.464007,126.9522394,서울대학교,,
,37.464007,126.9522394,서울대학교,,
,37.464007,126.9522394,서울대학교,,
,37.464007,126.9522394,서울대학교,,
,37.464007,126.9522394,서울대학교,,
,37.464007,126.9522394,서울대학교,,
,37.464007,126.9522394,서울대학교,,
,37.464007,126.9522394,서울대학교,,
,37.464007,126.9522394,서울대학교,,
,37.464007,126.9522394,서울대학교,,
,37.464007,126.9522394,서울대학교,,
,37.464007,126.9522394,서울대학교,,
,37.464007,126.9522394,서울대학교,,
,37.464007,126.9522394,서울대학교,,
,37.464007,126.9522394,서울대학교,,
,37.464007,126.9522394,서울대학교,,
,37.464007,126.9522394,서울대학교,,
,37.464007,126.9522394,서울대학교,,
,37.464007,126.9522394,서울대학교,,
,37.464007,126.9522394,서울대학교,,
,37.464007,126.9522394,서울대학교,,
,37.464007,126.9522394,서울대학교,,
,37.464007,126.9522394,서울대학교,,
,37.464007,126.9522394,서울대학교,,
,37.464007,126.9522394,서울대학교,,
,37.464007,126.9522394,서울대학교,,
,37.464007,126.9522394,서울대학교,,
,37.464007,126.9522394,서울대학교,,
,37.464007,126.9522394,서울대학교,,
,37.464007,126.9522394,서울대학교,,
,37.464007,126.9522394,서울대학교,,
,37.464007,126.9522394,서울대학교,,
,37.464007,126.9522394,서울대학교,,
,37.5649367,126.9383335,연세대학교(면접형),,
,37.5649367,126.9383335,연세대학교(면접형),,
,37.5649367,126.9383335,연세대학교(면접형),,
,37.5649367,126.9383335,연세대학교(면접형),,
,37.5649367,126.9383335,연세대학교(면접형),,
,37.5649367,126.9383335,연세대학교(면접형),,
,37.5649367,126.9383335,연세대학교(면접형),,
,37.5649367,126.9383335,연세대학교(면접형),,
,37.5649367,126.9383335,연세대학교(면접형),,
,37.5649367,126.9383335,연세대학교(면접형),,
,37.5649367,126.9383335,연세대학교(면접형),,
,37.5649367,126.9383335,연세대학교(면접형),,
,37.5649367,126.9383335,연세대학교(면접형),,
,37.5649367,126.9383335,연세대학교(면접형),,
,37.5649367,126.9383335,연세대학교(면접형),,
,37.5649367,126.9383335,연세대학교(면접형),,
,37.5649367,126.9383335,연세대학교(면접형),,
,37.5649367,126.9383335,연세대학교(면접형),,
,37.5649367,126.9383335,연세대학교(면접형),,
,37.5649367,126.9383335,연세대학교(면접형),,
,37.5649367,126.9383335,연세대학교(면접형),,
,37.5649367,126.9383335,연세대학교(면접형),,
,37.5649367,126.9383335,연세대학교(면접형),,
,37.5649367,126.9383335,연세대학교(면접형),,
,37.5649367,126.9383335,연세대학교(면접형),,
,37.5649367,126.9383335,연세대학교(면접형),,
,37.5649367,126.9383335,연세대학교(면접형),,
,37.5649367,126.9383335,연세대학교(면접형),,
,37.5649367,126.9383335,연세대학교(면접형),,
,37.5649367,126.9383335,연세대학교(면접형),,
,37.5649367,126.9383335,연세대학교(면접형),,
,37.5649367,126.9383335,연세대학교(면접형),,
,37.5649367,126.9383335,연세대학교(면접형),,
,37.5649367,126.9383335,연세대학교(면접형),,
,37.5649367,126.9383335,연세대학교(면접형),,
,37.5649367,126.9383335,연세대학교(면접형),,
,37.5649367,126.9383335,연세대학교(면접형),,
,37.5649367,126.9383335,연세대학교(면접형),,
,37.5649367,126.9383335,연세대학교(면접형),,
,37.5649367,126.9383335,연세대학교(면접형),,
,37.5649367,126.9383335,연세대학교(면접형),,
,37.5649367,126.9383335,연세대학교(면접형),,
,37.5649367,126.9383335,연세대학교(면접형),,
,37.5649367,126.9383335,연세대학교(면접형),,
,37.5649367,126.9383335,연세대학교(면접형),,
,37.5649367,126.9383335,연세대학교(면접형),,
,37.5649367,126.9383335,연세대학교(면접형),,
,37.5649367,126.9383335,연세대학교(면접형),,
,37.5649367,126.9383335,연세대학교(면접형),,
,37.5649367,126.9383335,연세대학교(면접형),,
,37.5649367,126.9383335,연세대학교(면접형),,
,37.5649367,126.9383335,연세대학교(면접형),,
,37.5649367,126.9383335,연세대학교(활동우수자),,
,37.5649367,126.9383335,연세대학교(활동우수자),,
,37.5649367,126.9383335,연세대학교(활동우수자),,
,37.5649367,126.9383335,연세대학교(활동우수자),,
,37.5649367,126.9383335,연세대학교(활동우수자),,
,37.5649367,126.9383335,연세대학교(활동우수자),,
,37.5649367,126.9383335,연세대학교(활동우수자),,
,37.5649367,126.9383335,연세대학교(활동우수자),,
,37.5649367,126.9383335,연세대학교(활동우수자),,
,37.5649367,126.9383335,연세대학교(활동우수자),,
,37.5649367,126.9383335,연세대학교(활동우수자),,
,37.5649367,126.9383335,연세대학교(활동우수자),,
,37.5649367,126.9383335,연세대학교(활동우수자),,
,37.5649367,126.9383335,연세대학교(활동우수자),,
,37.5649367,126.9383335,연세대학교(활동우수자),,
,37.5649367,126.9383335,연세대학교(활동우수자),,
,37.5649367,126.9383335,연세대학교(활동우수자),,
,37.5649367,126.9383335,연세대학교(활동우수자),,
,37.5649367,126.9383335,연세대학교(활동우수자),,
,37.5649367,126.9383335,연세대학교(활동우수자),,
,37.5649367,126.9383335,연세대학교(활동우수자),,
,37.5649367,126.9383335,연세대학교(활동우수자),,
,37.5649367,126.9383335,연세대학교(활동우수자),,
,37.5649367,126.9383335,연세대학교(활동우수자),,
,37.5649367,126.9383335,연세대학교(활동우수자),,
,37.5649367,126.9383335,연세대학교(활동우수자),,
,37.5649367,126.9383335,연세대학교(활동우수자),,
,37.5649367,126.9383335,연세대학교(활동우수자),,
,37.5649367,126.9383335,연세대학교(활동우수자),,
,37.5649367,126.9383335,연세대학교(활동우수자),,
,37.5649367,126.9383335,연세대학교(활동우수자),,
,37.5649367,126.9383335,연세대학교(활동우수자),,
,37.5649367,126.9383335,연세대학교(활동우수자),,
,37.5649367,126.9383335,연세대학교(활동우수자),,
,37.5649367,126.9383335,연세대학교(활동우수자),,
,37.5649367,126.9383335,연세대학교(활동우수자),,
,37.5649367,126.9383335,연세대학교(활동우수자),,
,37.5649367,126.9383335,연세대학교(활동우수자),,
,37.5649367,126.9383335,연세대학교(활동우수자),,
,37.5649367,126.9383335,연세대학교(활동우수자),,
,37.5649367,126.9383335,연세대학교(활동우수자),,
,37.5649367,126.9383335,연세대학교(활동우수자),,
,37.5649367,126.9383335,연세대학교(활동우수자),,
,37.5649367,126.9383335,연세대학교(활동우수자),,
,37.5649367,126.9383335,연세대학교(활동우수자),,
,37.5649367,126.9383335,연세대학교(활동우수자),,
,37.5649367,126.9383335,연세대학교(활동우수자),,
,37.5649367,126.9383335,연세대학교(활동우수자),,
,37.5649367,126.9383335,연세대학교(활동우수자),,
,37.5649367,126.9383335,연세대학교(활동우수자),,
,37.5649367,126.9383335,연세대학교(활동우수자),,
,37.5649367,126.9383335,연세대학교(활동우수자),,
,37.5575753,127.0466899,한양대학교,,
,37.5964494,127.0525009,경희대학교(네오르네상스),,
,37.5964494,127.0525009,경희대학교(네오르네상스),,
,37.5964494,127.0525009,경희대학교(네오르네상스),,
,37.5964494,127.0525009,경희대학교(네오르네상스),,
,37.5964494,127.0525009,경희대학교(네오르네상스),,
,37.2433617,127.0798535,경희대학교(네오르네상스),,
,37.2433617,127.0798535,경희대학교(네오르네상스),,
,37.2433617,127.0798535,경희대학교(네오르네상스),,
,37.2433617,127.0798535,경희대학교(네오르네상스),,
,37.2433617,127.0798535,경희대학교(네오르네상스),,
,37.2433617,127.0798535,경희대학교(네오르네상스),,
,37.2433617,127.0798535,경희대학교(네오르네상스),,
,37.5964494,127.0525009,경희대학교(네오르네상스),,
,37.5964494,127.0525009,경희대학교(네오르네상스),,
,37.5964494,127.0525009,경희대학교(네오르네상스),,
,37.5964494,127.0525009,경희대학교(네오르네상스),,
,37.5964494,127.0525009,경희대학교(네오르네상스),,
,37.5964494,127.0525009,경희대학교(네오르네상스),,
,37.5964494,127.0525009,경희대학교(네오르네상스),,
,37.5964494,127.0525009,경희대학교(네오르네상스),,
,37.2433617,127.0798535,경희대학교(네오르네상스),,
,37.5964494,127.0525009,경희대학교(네오르네상스),,
,37.5964494,127.0525009,경희대학교(네오르네상스),,
,37.5964494,127.0525009,경희대학교(네오르네상스),,
,37.5964494,127.0525009,경희대학교(네오르네상스),,
,37.5964494,127.0525009,경희대학교(네오르네상스),,
,37.5964494,127.0525009,경희대학교(네오르네상스),,
,37.5964494,127.0525009,경희대학교(네오르네상스),,
,37.5964494,127.0525009,경희대학교(네오르네상스),,
,37.5964494,127.0525009,경희대학교(네오르네상스),,
,37.5964494,127.0525009,경희대학교(네오르네상스),,
,37.5964494,127.0525009,경희대학교(네오르네상스),,
,37.5964494,127.0525009,경희대학교(네오르네상스),,
,37.5964494,127.0525009,경희대학교(네오르네상스),,
,37.5964494,127.0525009,경희대학교(네오르네상스),,
,37.5964494,127.0525009,경희대학교(네오르네상스),,
,37.5964494,127.0525009,경희대학교(네오르네상스),,
,37.2433617,127.0798535,경희대학교(네오르네상스),,
,37.2433617,127.0798535,경희대학교(네오르네상스),,
,37.2433617,127.0798535,경희대학교(네오르네상스),,
,37.2433617,127.0798535,경희대학교(네오르네상스),,
,37.2433617,127.0798535,경희대학교(네오르네상스),,
,37.2433617,127.0798535,경희대학교(네오르네상스),,
,37.2433617,127.0798535,경희대학교(네오르네상스),,
,37.2433617,127.0798535,경희대학교(네오르네상스),,
,37.2433617,127.0798535,경희대학교(네오르네상스),,
,37.2433617,127.0798535,경희대학교(네오르네상스),,
,37.2433617,127.0798535,경희대학교(네오르네상스),,
,37.2433617,127.0798535,경희대학교(네오르네상스),,
,37.2433617,127.0798535,경희대학교(네오르네상스),,
,37.2433617,127.0798535,경희대학교(네오르네상스),,
,37.2433617,127.0798535,경희대학교(네오르네상스),,
,37.2433617,127.0798535,경희대학교(네오르네상스),,
,37.2433617,127.0798535,경희대학교(네오르네상스),,
,37.2433617,127.0798535,경희대학교(네오르네상스),,
,37.2433617,127.0798535,경희대학교(네오르네상스),,
,37.2433617,127.0798535,경희대학교(네오르네상스),,
,37.2433617,127.0798535,경희대학교(네오르네상스),,
,37.2433617,127.0798535,경희대학교(네오르네상스),,
,37.5964494,127.0525009,경희대학교(네오르네상스),,
,37.5964494,127.0525009,경희대학교(네오르네상스),,
,37.5964494,127.0525009,경희대학교(네오르네상스),,
,37.5964494,127.0525009,경희대학교(네오르네상스),,
,37.5964494,127.0525009,경희대학교(네오르네상스),,
,37.5964494,127.0525009,경희대학교(네오르네상스),,
,37.5964494,127.0525009,경희대학교(네오르네상스),,
,37.2433617,127.0798535,경희대학교(네오르네상스),,
,37.2433617,127.0798535,경희대학교(네오르네상스),,
,37.2433617,127.0798535,경희대학교(네오르네상스),,
,37.2433617,127.0798535,경희대학교(네오르네상스),,
,37.2433617,127.0798535,경희대학교(네오르네상스),,
,37.2433617,127.0798535,경희대학교(네오르네상스),,
,37.2433617,127.0798535,경희대학교(네오르네상스),,
,37.2433617,127.0798535,경희대학교(네오르네상스),,
,37.2433617,127.0798535,경희대학교(네오르네상스),,
,37.2433617,127.0798535,경희대학교(네오르네상스),,
,37.2433617,127.0798535,경희대학교(네오르네상스),,
,37.5964494,127.0525009,경희대학교(고교연계),,
,37.5964494,127.0525009,경희대학교(고교연계),,
,37.5964494,127.0525009,경희대학교(고교연계),,
,37.5964494,127.0525009,경희대학교(고교연계),,
,37.5964494,127.0525009,경희대학교(고교연계),,
,37.2433617,127.0798535,경희대학교(고교연계),,
,37.2433617,127.0798535,경희대학교(고교연계),,
,37.2433617,127.0798535,경희대학교(고교연계),,
,37.2433617,127.0798535,경희대학교(고교연계),,
,37.2433617,127.0798535,경희대학교(고교연계),,
,37.2433617,127.0798535,경희대학교(고교연계),,
,37.5964494,127.0525009,경희대학교(고교연계),,
,37.5964494,127.0525009,경희대학교(고교연계),,
,37.5964494,127.0525009,경희대학교(고교연계),,
,37.5964494,127.0525009,경희대학교(고교연계),,
,37.5964494,127.0525009,경희대학교(고교연계),,
,37.5964494,127.0525009,경희대학교(고교연계),,
,37.5964494,127.0525009,경희대학교(고교연계),,
,37.2433617,127.0798535,경희대학교(고교연계),,
,37.5964494,127.0525009,경희대학교(고교연계),,
,37.5964494,127.0525009,경희대학교(고교연계),,
,37.5964494,127.0525009,경희대학교(고교연계),,
,37.5964494,127.0525009,경희대학교(고교연계),,
,37.5964494,127.0525009,경희대학교(고교연계),,
,37.5964494,127.0525009,경희대학교(고교연계),,
,37.5964494,127.0525009,경희대학교(고교연계),,
,37.5964494,127.0525009,경희대학교(고교연계),,
,37.5964494,127.0525009,경희대학교(고교연계),,
,37.5964494,127.0525009,경희대학교(고교연계),,
,37.5964494,127.0525009,경희대학교(고교연계),,
,37.5964494,127.0525009,경희대학교(고교연계),,
,37.5964494,127.0525009,경희대학교(고교연계),,
,37.5964494,127.0525009,경희대학교(고교연계),,
,37.5964494,127.0525009,경희대학교(고교연계),,
,37.5964494,127.0525009,경희대학교(고교연계),,
,37.5964494,127.0525009,경희대학교(고교연계),,
,37.2433617,127.0798535,경희대학교(고교연계),,
,37.2433617,127.0798535,경희대학교(고교연계),,
,37.2433617,127.0798535,경희대학교(고교연계),,
,37.2433617,127.0798535,경희대학교(고교연계),,
,37.2433617,127.0798535,경희대학교(고교연계),,
,37.2433617,127.0798535,경희대학교(고교연계),,
,37.2433617,127.0798535,경희대학교(고교연계),,
,37.2433617,127.0798535,경희대학교(고교연계),,
,37.2433617,127.0798535,경희대학교(고교연계),,
,37.2433617,127.0798535,경희대학교(고교연계),,
,37.2433617,127.0798535,경희대학교(고교연계),,
,37.2433617,127.0798535,경희대학교(고교연계),,
,37.2433617,127.0798535,경희대학교(고교연계),,
,37.2433617,127.0798535,경희대학교(고교연계),,
,37.2433617,127.0798535,경희대학교(고교연계),,
,37.2433617,127.0798535,경희대학교(고교연계),,
,37.2433617,127.0798535,경희대학교(고교연계),,
,37.2433617,127.0798535,경희대학교(고교연계),,
,37.2433617,127.0798535,경희대학교(고교연계),,
,37.2433617,127.0798535,경희대학교(고교연계),,
,37.2433617,127.0798535,경희대학교(고교연계),,
,37.2433617,127.0798535,경희대학교(고교연계),,
,37.5964494,127.0525009,경희대학교(고교연계),,
,37.5964494,127.0525009,경희대학교(고교연계),,
,37.5964494,127.0525009,경희대학교(고교연계),,
,37.2433617,127.0798535,경희대학교(고교연계),,
,37.2433617,127.0798535,경희대학교(고교연계),,
,37.2433617,127.0798535,경희대학교(고교연계),,
,37.2433617,127.0798535,경희대학교(고교연계),,
,37.2433617,127.0798535,경희대학교(고교연계),,
,37.2433617,127.0798535,경희대학교(고교연계),,
,37.2433617,127.0798535,경희대학교(고교연계),,
,37.2433617,127.0798535,경희대학교(고교연계),,
,37.2433617,127.0798535,경희대학교(고교연계),,
,37.2433617,127.0798535,경희대학교(고교연계),,
,37.2433617,127.0798535,경희대학교(고교연계),,
,37.583634,127.058858,서울시립대학교,,
,37.583634,127.058858,서울시립대학교,,
,37.583634,127.058858,서울시립대학교,,
,37.583634,127.058858,서울시립대학교,,
,37.583634,127.058858,서울시립대학교,,
,37.583634,127.058858,서울시립대학교,,
,37.583634,127.058858,서울시립대학교,,
,37.583634,127.058858,서울시립대학교,,
,37.583634,127.058858,서울시립대학교,,
,37.583634,127.058858,서울시립대학교,,
,37.583634,127.058858,서울시립대학교,,
,37.583634,127.058858,서울시립대학교,,
,37.583634,127.058858,서울시립대학교,,
,37.583634,127.058858,서울시립대학교,,
,37.583634,127.058858,서울시립대학교,,
,37.583634,127.058858,서울시립대학교,,
,37.583634,127.058858,서울시립대학교,,
,37.583634,127.058858,서울시립대학교,,
,37.583634,127.058858,서울시립대학교,,
,37.583634,127.058858,서울시립대학교,,
,37.583634,127.058858,서울시립대학교,,
,37.583634,127.058858,서울시립대학교,,
,37.583634,127.058858,서울시립대학교,,
,37.583634,127.058858,서울시립대학교,,
,37.583634,127.058858,서울시립대학교,,
,37.583634,127.058858,서울시립대학교,,
,37.583634,127.058858,서울시립대학교,,
,37.583634,127.058858,서울시립대학교,,
,37.583634,127.058858,서울시립대학교,,
,37.583634,127.058858,서울시립대학교,,
,37.583634,127.058858,서울시립대학교,,
,37.583634,127.058858,서울시립대학교,,
,37.583634,127.058858,서울시립대학교,,
,37.583634,127.058858,서울시립대학교,,
,37.583634,127.058858,서울시립대학교,,
,37.583634,127.058858,서울시립대학교,,
,37.583634,127.058858,서울시립대학교,,
,37.583634,127.058858,서울시립대학교,,
,37.583634,127.058858,서울시립대학교,,
,37.5582582,127.0001869,동국대학교,,
,37.5582582,127.0001869,동국대학교,,
,37.5582582,127.0001869,동국대학교,,
,37.5582582,127.0001869,동국대학교,,
,37.5582582,127.0001869,동국대학교,,
,37.5582582,127.0001869,동국대학교,,
,37.5582582,127.0001869,동국대학교,,
,37.5582582,127.0001869,동국대학교,,
,37.5582582,127.0001869,동국대학교,,
,37.5582582,127.0001869,동국대학교,,
,37.5582582,127.0001869,동국대학교,,
,37.5582582,127.0001869,동국대학교,,
,37.5582582,127.0001869,동국대학교,,
,37.5582582,127.0001869,동국대학교,,
,37.5582582,127.0001869,동국대학교,,
,37.5582582,127.0001869,동국대학교,,
,37.5582582,127.0001869,동국대학교,,
,37.5582582,127.0001869,동국대학교,,
,37.5582582,127.0001869,동국대학교,,
,37.5582582,127.0001869,동국대학교,,
,37.5582582,127.0001869,동국대학교,,
,37.5582582,127.0001869,동국대학교,,
,37.5582582,127.0001869,동국대학교,,
,37.5582582,127.0001869,동국대학교,,
,37.5582582,127.0001869,동국대학교,,
,37.5582582,127.0001869,동국대학교,,
,37.5582582,127.0001869,동국대학교,,
,37.5582582,127.0001869,동국대학교,,
,37.5582582,127.0001869,동국대학교,,
,37.5582582,127.0001869,동국대학교,,
,37.5582582,127.0001869,동국대학교,,
,37.5582582,127.0001869,동국대학교,,
,37.5582582,127.0001869,동국대학교,,
,37.5582582,127.0001869,동국대학교,,
,37.5582582,127.0001869,동국대학교,,
,37.5582582,127.0001869,동국대학교,,
,37.5582582,127.0001869,동국대학교,,
,37.5582582,127.0001869,동국대학교,,
,37.5582582,127.0001869,동국대학교,,
,37.5582582,127.0001869,동국대학교,,
,37.5582582,127.0001869,동국대학교,,
,37.5582582,127.0001869,동국대학교,,
,37.5582582,127.0001869,동국대학교,,
,37.5512083,126.9255125,홍익대학교,,
,37.5512083,126.9255125,홍익대학교,,
,37.5512083,126.9255125,홍익대학교,,
,37.5512083,126.9255125,홍익대학교,,
,37.5512083,126.9255125,홍익대학교,,
,37.5512083,126.9255125,홍익대학교,,
,37.5512083,126.9255125,홍익대학교,,
,37.5512083,126.9255125,홍익대학교,,
,37.5512083,126.9255125,홍익대학교,,
,37.5512083,126.9255125,홍익대학교,,
,37.5512083,126.9255125,홍익대학교,,
,37.5512083,126.9255125,홍익대학교,,
,37.5512083,126.9255125,홍익대학교,,
,37.5512083,126.9255125,홍익대학교,,
,37.5512083,126.9255125,홍익대학교,,
,37.5512083,126.9255125,홍익대학교,,
,37.5512083,126.9255125,홍익대학교,,
,37.5512083,126.9255125,홍익대학교,,
,37.5512083,126.9255125,홍익대학교,,
,37.5512083,126.9255125,홍익대학교,,
,37.5512083,126.9255125,홍익대학교,,
,37.5512083,126.9255125,홍익대학교,,
,37.5512083,126.9255125,홍익대학교,,
,37.5512083,126.9255125,홍익대학교,,
,37.5512083,126.9255125,홍익대학교,,
,37.5512083,126.9255125,홍익대학교,,
,37.5512083,126.9255125,홍익대학교,,
,37.5512083,126.9255125,홍익대학교,,
,37.5512083,126.9255125,홍익대학교,,
,37.5512083,126.9255125,홍익대학교,,
,37.5512083,126.9255125,홍익대학교,,
,37.5512083,126.9255125,홍익대학교,,
,37.6121866,126.995341,국민대학교,,
,37.6121866,126.995341,국민대학교,,
,37.6121866,126.995341,국민대학교,,
,37.6121866,126.995341,국민대학교,,
,37.6121866,126.995341,국민대학교,,
,37.6121866,126.995341,국민대학교,,
,37.6121866,126.995341,국민대학교,,
,37.6121866,126.995341,국민대학교,,
,37.6121866,126.995341,국민대학교,,
,37.6121866,126.995341,국민대학교,,
,37.6121866,126.995341,국민대학교,,
,37.6121866,126.995341,국민대학교,,
,37.6121866,126.995341,국민대학교,,
,37.6121866,126.995341,국민대학교,,
,37.6121866,126.995341,국민대학교,,
,37.6121866,126.995341,국민대학교,,
,37.6121866,126.995341,국민대학교,,
,37.6121866,126.995341,국민대학교,,
,37.6121866,126.995341,국민대학교,,
,37.6121866,126.995341,국민대학교,,
,37.6121866,126.995341,국민대학교,,
,37.6121866,126.995341,국민대학교,,
,37.6121866,126.995341,국민대학교,,
,37.6121866,126.995341,국민대학교,,
,37.6121866,126.995341,국민대학교,,
,37.6121866,126.995341,국민대학교,,
,37.6121866,126.995341,국민대학교,,
,37.6121866,126.995341,국민대학교,,
,37.6121866,126.995341,국민대학교,,
,37.6121866,126.995341,국민대학교,,
,37.6121866,126.995341,국민대학교,,
,37.6121866,126.995341,국민대학교,,
,37.6121866,126.995341,국민대학교,,
,37.6121866,126.995341,국민대학교,,
,37.6121866,126.995341,국민대학교,,
,37.6121866,126.995341,국민대학교,,
,37.6121866,126.995341,국민대학교,,
,37.6121866,126.995341,국민대학교,,
,37.6121866,126.995341,국민대학교,,
,37.6121866,126.995341,국민대학교,,
,37.6121866,126.995341,국민대학교,,
,37.6121866,126.995341,국민대학교,,
,37.6121866,126.995341,국민대학교,,
,37.6121866,126.995341,국민대학교,,
,37.6121866,126.995341,국민대학교,,
,37.6121866,126.995341,국민대학교,,
,37.6121866,126.995341,국민대학교,,
,37.6121866,126.995341,국민대학교,,
,37.4962518,126.9573151,숭실대학교,,
,37.4962518,126.9573151,숭실대학교,,
,37.4962518,126.9573151,숭실대학교,,
,37.4962518,126.9573151,숭실대학교,,
,37.4962518,126.9573151,숭실대학교,,
,37.4962518,126.9573151,숭실대학교,,
,37.4962518,126.9573151,숭실대학교,,
,37.4962518,126.9573151,숭실대학교,,
,37.4962518,126.9573151,숭실대학교,,
,37.4962518,126.9573151,숭실대학교,,
,37.4962518,126.9573151,숭실대학교,,
,37.4962518,126.9573151,숭실대학교,,
,37.4962518,126.9573151,숭실대학교,,
,37.4962518,126.9573151,숭실대학교,,
,37.4962518,126.9573151,숭실대학교,,
,37.4962518,126.9573151,숭실대학교,,
,37.4962518,126.9573151,숭실대학교,,
,37.4962518,126.9573151,숭실대학교,,
,37.4962518,126.9573151,숭실대학교,,
,37.4962518,126.9573151,숭실대학교,,
,37.4962518,126.9573151,숭실대학교,,
,37.4962518,126.9573151,숭실대학교,,
,37.4962518,126.9573151,숭실대학교,,
,37.4962518,126.9573151,숭실대학교,,
,37.4962518,126.9573151,숭실대학교,,
,37.4962518,126.9573151,숭실대학교,,
,37.4962518,126.9573151,숭실대학교,,
,37.4962518,126.9573151,숭실대학교,,
,37.4962518,126.9573151,숭실대학교,,
,37.4962518,126.9573151,숭실대학교,,
,37.4962518,126.9573151,숭실대학교,,
,37.4962518,126.9573151,숭실대학교,,
,37.4962518,126.9573151,숭실대학교,,
,37.4962518,126.9573151,숭실대학교,,
,37.4962518,126.9573151,숭실대학교,,
,37.4962518,126.9573151,숭실대학교,,
,37.4962518,126.9573151,숭실대학교,,
,37.4962518,126.9573151,숭실대학교,,
,37.4962518,126.9573151,숭실대학교,,
,37.4962518,126.9573151,숭실대학교,,
,37.4962518,126.9573151,숭실대학교,,
,37.4962518,126.9573151,숭실대학교,,
,37.6197992,127.0584363,광운대학교,,
,37.6197992,127.0584363,광운대학교,,
,37.6197992,127.0584363,광운대학교,,
,37.6197992,127.0584363,광운대학교,,
,37.6197992,127.0584363,광운대학교,,
,37.6197992,127.0584363,광운대학교,,
,37.6197992,127.0584363,광운대학교,,
,37.6197992,127.0584363,광운대학교,,
,37.6197992,127.0584363,광운대학교,,
,37.6197992,127.0584363,광운대학교,,
,37.6197992,127.0584363,광운대학교,,
,37.6197992,127.0584363,광운대학교,,
,37.6197992,127.0584363,광운대학교,,
,37.6197992,127.0584363,광운대학교,,
,37.6197992,127.0584363,광운대학교,,
,37.6197992,127.0584363,광운대학교,,
,37.6197992,127.0584363,광운대학교,,
,37.6197992,127.0584363,광운대학교,,
,37.6197992,127.0584363,광운대학교,,
,37.6197992,127.0584363,광운대학교,,
,37.6197992,127.0584363,광운대학교,,
,37.6197992,127.0584363,광운대학교,,
,37.6197992,127.0584363,광운대학교,,
,37.6197992,127.0584363,광운대학교,,
,37.6197992,127.0584363,광운대학교,,
,37.6197992,127.0584363,광운대학교,,
,37.580597,126.9230255,명지대학교,,
,37.580597,126.9230255,명지대학교,,
,37.580597,126.9230255,명지대학교,,
,37.580597,126.9230255,명지대학교,,
,37.580597,126.9230255,명지대학교,,
,37.580597,126.9230255,명지대학교,,
,37.580597,126.9230255,명지대학교,,
,37.580597,126.9230255,명지대학교,,
,37.580597,126.9230255,명지대학교,,
,37.580597,126.9230255,명지대학교,,
,37.580597,126.9230255,명지대학교,,
,37.580597,126.9230255,명지대학교,,
,37.580597,126.9230255,명지대학교,,
,37.580597,126.9230255,명지대학교,,
,37.580597,126.9230255,명지대학교,,
,37.580597,126.9230255,명지대학교,,
,37.580597,126.9230255,명지대학교,,
,37.580597,126.9230255,명지대학교,,
,37.580597,126.9230255,명지대학교,,
,37.580597,126.9230255,명지대학교,,
,37.580597,126.9230255,명지대학교,,
,37.580597,126.9230255,명지대학교,,
,37.580597,126.9230255,명지대학교,,
,37.2217101,127.1856568,명지대학교,,
,37.2217101,127.1856568,명지대학교,,
,37.2217101,127.1856568,명지대학교,,
,37.2217101,127.1856568,명지대학교,,
,37.2217101,127.1856568,명지대학교,,
,37.2217101,127.1856568,명지대학교,,
,37.2217101,127.1856568,명지대학교,,
,37.2217101,127.1856568,명지대학교,,
,37.2217101,127.1856568,명지대학교,,
,37.2217101,127.1856568,명지대학교,,
,37.2217101,127.1856568,명지대학교,,
,37.2217101,127.1856568,명지대학교,,
,37.2217101,127.1856568,명지대학교,,
,37.2217101,127.1856568,명지대학교,,
,37.2217101,127.1856568,명지대학교,,
,37.2217101,127.1856568,명지대학교,,
,37.2217101,127.1856568,명지대학교,,
,37.2217101,127.1856568,명지대학교,,
,37.6027666,126.9551533,상명대학교(서울캠),,
,37.6027666,126.9551533,상명대학교(서울캠),,
,37.6027666,126.9551533,상명대학교(서울캠),,
,37.6027666,126.9551533,상명대학교(서울캠),,
,37.6027666,126.9551533,상명대학교(서울캠),,
,37.6027666,126.9551533,상명대학교(서울캠),,
,37.6027666,126.9551533,상명대학교(서울캠),,
,37.6027666,126.9551533,상명대학교(서울캠),,
,37.6027666,126.9551533,상명대학교(서울캠),,
,37.6027666,126.9551533,상명대학교(서울캠),,
,37.6027666,126.9551533,상명대학교(서울캠),,
,37.6027666,126.9551533,상명대학교(서울캠),,
,37.6027666,126.9551533,상명대학교(서울캠),,
,37.6027666,126.9551533,상명대학교(서울캠),,
,37.6027666,126.9551533,상명대학교(서울캠),,
,37.6027666,126.9551533,상명대학교(서울캠),,
,37.6027666,126.9551533,상명대학교(서울캠),,
,37.6027666,126.9551533,상명대학교(서울캠),,
,37.6027666,126.9551533,상명대학교(서울캠),,
,37.6027666,126.9551533,상명대학교(서울캠),,
,37.6027666,126.9551533,상명대학교(서울캠),,
,37.6027666,126.9551533,상명대학교(서울캠),,
,37.6027666,126.9551533,상명대학교(서울캠),,
,37.6027666,126.9551533,상명대학교(서울캠),,
,37.6027666,126.9551533,상명대학교(서울캠),,
,37.5514706,127.073884,세종대학교,,
,37.5514706,127.073884,세종대학교,,
,37.5514706,127.073884,세종대학교,,
,37.5514706,127.073884,세종대학교,,
,37.5514706,127.073884,세종대학교,,
,37.5514706,127.073884,세종대학교,,
,37.5514706,127.073884,세종대학교,,
,37.5514706,127.073884,세종대학교,,
,37.5514706,127.073884,세종대학교,,
,37.5514706,127.073884,세종대학교,,
,37.5514706,127.073884,세종대학교,,
,37.5514706,127.073884,세종대학교,,
,37.5514706,127.073884,세종대학교,,
,37.5514706,127.073884,세종대학교,,
,37.5514706,127.073884,세종대학교,,
,37.5514706,127.073884,세종대학교,,
,37.5514706,127.073884,세종대학교,,
,37.5514706,127.073884,세종대학교,,
,37.5514706,127.073884,세종대학교,,
,37.5514706,127.073884,세종대학교,,
,37.5514706,127.073884,세종대학교,,
,37.5514706,127.073884,세종대학교,,
,37.5514706,127.073884,세종대학교,,
,37.5514706,127.073884,세종대학교,,
,37.5514706,127.073884,세종대학교,,
,37.5514706,127.073884,세종대학교,,
,37.5514706,127.073884,세종대학교,,
,37.5514706,127.073884,세종대학교,,
,37.2954261,126.8353162,한양대학교 ERICA캠퍼스,,
,37.2954261,126.8353162,한양대학교 ERICA캠퍼스,,
,37.2954261,126.8353162,한양대학교 ERICA캠퍼스,,
,37.2954261,126.8353162,한양대학교 ERICA캠퍼스,,
,37.2954261,126.8353162,한양대학교 ERICA캠퍼스,,
,37.2954261,126.8353162,한양대학교 ERICA캠퍼스,,
,37.2954261,126.8353162,한양대학교 ERICA캠퍼스,,
,37.2954261,126.8353162,한양대학교 ERICA캠퍼스,,
,37.2954261,126.8353162,한양대학교 ERICA캠퍼스,,
,37.2954261,126.8353162,한양대학교 ERICA캠퍼스,,
,37.2954261,126.8353162,한양대학교 ERICA캠퍼스,,
,37.2954261,126.8353162,한양대학교 ERICA캠퍼스,,
,37.2954261,126.8353162,한양대학교 ERICA캠퍼스,,
,37.2954261,126.8353162,한양대학교 ERICA캠퍼스,,
,37.2954261,126.8353162,한양대학교 ERICA캠퍼스,,
,37.2954261,126.8353162,한양대학교 ERICA캠퍼스,,
,37.2954261,126.8353162,한양대학교 ERICA캠퍼스,,
,37.2954261,126.8353162,한양대학교 ERICA캠퍼스,,
,37.2954261,126.8353162,한양대학교 ERICA캠퍼스,,
,37.2954261,126.8353162,한양대학교 ERICA캠퍼스,,
,37.2954261,126.8353162,한양대학교 ERICA캠퍼스,,
,37.2954261,126.8353162,한양대학교 ERICA캠퍼스,,
,37.2954261,126.8353162,한양대학교 ERICA캠퍼스,,
,37.2954261,126.8353162,한양대학교 ERICA캠퍼스,,
,37.2954261,126.8353162,한양대학교 ERICA캠퍼스,,
,37.2954261,126.8353162,한양대학교 ERICA캠퍼스,,
,37.2954261,126.8353162,한양대학교 ERICA캠퍼스,,
,37.2954261,126.8353162,한양대학교 ERICA캠퍼스,,
,37.2954261,126.8353162,한양대학교 ERICA캠퍼스,,
,37.2954261,126.8353162,한양대학교 ERICA캠퍼스,,
,37.2954261,126.8353162,한양대학교 ERICA캠퍼스,,
,37.2954261,126.8353162,한양대학교 ERICA캠퍼스,,
,37.5915153,127.0231829,성신여자대학교,,
,37.5915153,127.0231829,성신여자대학교,,
,37.5915153,127.0231829,성신여자대학교,,
,37.5915153,127.0231829,성신여자대학교,,
,37.5915153,127.0231829,성신여자대학교,,
,37.5915153,127.0231829,성신여자대학교,,
,37.5915153,127.0231829,성신여자대학교,,
,37.5915153,127.0231829,성신여자대학교,,
,37.5915153,127.0231829,성신여자대학교,,
,37.5915153,127.0231829,성신여자대학교,,
,37.5915153,127.0231829,성신여자대학교,,
,37.5915153,127.0231829,성신여자대학교,,
,37.5915153,127.0231829,성신여자대학교,,
,37.5915153,127.0231829,성신여자대학교,,
,37.5915153,127.0231829,성신여자대학교,,
,37.5915153,127.0231829,성신여자대학교,,
,37.5915153,127.0231829,성신여자대학교,,
,37.5915153,127.0231829,성신여자대학교,,
,37.5915153,127.0231829,성신여자대학교,,
,37.5915153,127.0231829,성신여자대학교,,
,37.5915153,127.0231829,성신여자대학교,,
,37.5915153,127.0231829,성신여자대학교,,
,37.5915153,127.0231829,성신여자대학교,,
,37.5915153,127.0231829,성신여자대학교,,
,37.5915153,127.0231829,성신여자대학교,,
,37.5915153,127.0231829,성신여자대학교,,
,37.5915153,127.0231829,성신여자대학교,,
,37.5915153,127.0231829,성신여자대학교,,
,37.5915153,127.0231829,성신여자대학교,,
,37.5915153,127.0231829,성신여자대학교,,
,37.5915153,127.0231829,성신여자대학교,,
,37.5915153,127.0231829,성신여자대학교,,
,37.5915153,127.0231829,성신여자대학교,,
,37.5915153,127.0231829,성신여자대학교,,
,37.5915153,127.0231829,성신여자대학교,,
,37.5915153,127.0231829,성신여자대학교,,
,37.5915153,127.0231829,성신여자대학교,,
,37.5915153,127.0231829,성신여자대학교,,
,37.5915153,127.0231829,성신여자대학교,,
,37.5915153,127.0231829,성신여자대학교,,
,37.6280329,127.0904235,서울여자대학교(바롬인재),,
,37.6280329,127.0904235,서울여자대학교(바롬인재),,
,37.6280329,127.0904235,서울여자대학교(바롬인재),,
,37.6280329,127.0904235,서울여자대학교(바롬인재),,
,37.6280329,127.0904235,서울여자대학교(바롬인재),,
,37.6280329,127.0904235,서울여자대학교(바롬인재),,
,37.6280329,127.0904235,서울여자대학교(바롬인재),,
,37.6280329,127.0904235,서울여자대학교(바롬인재),,
,37.6280329,127.0904235,서울여자대학교(바롬인재),,
,37.6280329,127.0904235,서울여자대학교(바롬인재),,
,37.6280329,127.0904235,서울여자대학교(바롬인재),,
,37.6280329,127.0904235,서울여자대학교(바롬인재),,
,37.6280329,127.0904235,서울여자대학교(바롬인재),,
,37.6280329,127.0904235,서울여자대학교(바롬인재),,
,37.6280329,127.0904235,서울여자대학교(바롬인재),,
,37.6280329,127.0904235,서울여자대학교(바롬인재),,
,37.6280329,127.0904235,서울여자대학교(바롬인재),,
,37.6280329,127.0904235,서울여자대학교(바롬인재),,
,37.6280329,127.0904235,서울여자대학교(바롬인재),,
,37.6280329,127.0904235,서울여자대학교(바롬인재),,
,37.6280329,127.0904235,서울여자대학교(바롬인재),,
,37.6280329,127.0904235,서울여자대학교(바롬인재),,
,37.6280329,127.0904235,서울여자대학교(바롬인재),,
,37.6280329,127.0904235,서울여자대학교(바롬인재),,
,37.6280329,127.0904235,서울여자대학교(바롬인재),,
,37.6280329,127.0904235,서울여자대학교(바롬인재),,
,37.6280329,127.0904235,서울여자대학교(바롬인재),,
,37.6280329,127.0904235,서울여자대학교(바롬인재),,
,37.6280329,127.0904235,서울여자대학교(플러스인재),,
,37.6280329,127.0904235,서울여자대학교(플러스인재),,
,37.6280329,127.0904235,서울여자대학교(플러스인재),,
,37.6280329,127.0904235,서울여자대학교(플러스인재),,
,37.6280329,127.0904235,서울여자대학교(플러스인재),,
,37.6280329,127.0904235,서울여자대학교(플러스인재),,
,37.6280329,127.0904235,서울여자대학교(플러스인재),,
,37.6280329,127.0904235,서울여자대학교(플러스인재),,
,37.6280329,127.0904235,서울여자대학교(플러스인재),,
,37.6280329,127.0904235,서울여자대학교(플러스인재),,
,37.6280329,127.0904235,서울여자대학교(플러스인재),,
,37.6280329,127.0904235,서울여자대학교(플러스인재),,
,37.6280329,127.0904235,서울여자대학교(플러스인재),,
,37.6280329,127.0904235,서울여자대학교(플러스인재),,
,37.6280329,127.0904235,서울여자대학교(플러스인재),,
,37.6280329,127.0904235,서울여자대학교(플러스인재),,
,37.6280329,127.0904235,서울여자대학교(플러스인재),,
,37.6280329,127.0904235,서울여자대학교(플러스인재),,
,37.6280329,127.0904235,서울여자대학교(플러스인재),,
,37.6280329,127.0904235,서울여자대학교(플러스인재),,
,37.6280329,127.0904235,서울여자대학교(플러스인재),,
,37.6280329,127.0904235,서울여자대학교(플러스인재),,
,37.6280329,127.0904235,서울여자대학교(플러스인재),,
,37.6280329,127.0904235,서울여자대학교(플러스인재),,
,37.6280329,127.0904235,서울여자대학교(플러스인재),,
,37.6515354,127.0166028,덕성여자대학교,,
,37.6515354,127.0166028,덕성여자대학교,,
,37.6515354,127.0166028,덕성여자대학교,,
,37.6515354,127.0166028,덕성여자대학교,,
,37.6515354,127.0166028,덕성여자대학교,,
,37.6515354,127.0166028,덕성여자대학교,,
,37.6515354,127.0166028,덕성여자대학교,,
,37.6515354,127.0166028,덕성여자대학교,,
,37.6515354,127.0166028,덕성여자대학교,,
,37.6515354,127.0166028,덕성여자대학교,,
,37.6515354,127.0166028,덕성여자대학교,,
,37.6515354,127.0166028,덕성여자대학교,,
,37.6515354,127.0166028,덕성여자대학교,,
,37.6515354,127.0166028,덕성여자대학교,,
,37.6515354,127.0166028,덕성여자대학교,,
,37.6515354,127.0166028,덕성여자대학교,,
,37.6515354,127.0166028,덕성여자대학교,,
,37.6515354,127.0166028,덕성여자대학교,,
,37.6515354,127.0166028,덕성여자대학교,,
,37.6515354,127.0166028,덕성여자대학교,,
,37.6515354,127.0166028,덕성여자대학교,,
,37.6515354,127.0166028,덕성여자대학교,,
,37.6515354,127.0166028,덕성여자대학교,,
,37.6515354,127.0166028,덕성여자대학교,,
,37.6515354,127.0166028,덕성여자대학교,,
,37.6515354,127.0166028,덕성여자대학교,,
,37.5459469,126.9645778,숙명여자대학교,,
,37.5459469,126.9645778,숙명여자대학교,,
,37.5459469,126.9645778,숙명여자대학교,,
,37.5459469,126.9645778,숙명여자대학교,,
,37.5459469,126.9645778,숙명여자대학교,,
,37.5459469,126.9645778,숙명여자대학교,,
,37.5459469,126.9645778,숙명여자대학교,,
,37.5459469,126.9645778,숙명여자대학교,,
,37.5459469,126.9645778,숙명여자대학교,,
,37.5459469,126.9645778,숙명여자대학교,,
,37.5459469,126.9645778,숙명여자대학교,,
,37.5459469,126.9645778,숙명여자대학교,,
,37.5459469,126.9645778,숙명여자대학교,,
,37.5459469,126.9645778,숙명여자대학교,,
,37.5459469,126.9645778,숙명여자대학교,,
,37.5459469,126.9645778,숙명여자대학교,,
,37.5459469,126.9645778,숙명여자대학교,,
,37.5459469,126.9645778,숙명여자대학교,,
,37.5459469,126.9645778,숙명여자대학교,,
,37.5459469,126.9645778,숙명여자대학교,,
,37.5459469,126.9645778,숙명여자대학교,,
,37.5459469,126.9645778,숙명여자대학교,,
,37.5459469,126.9645778,숙명여자대학교,,
,37.5459469,126.9645778,숙명여자대학교,,
,37.5459469,126.9645778,숙명여자대학교,,
,37.5459469,126.9645778,숙명여자대학교,,
,37.5459469,126.9645778,숙명여자대학교,,
,37.5459469,126.9645778,숙명여자대학교,,
,37.5459469,126.9645778,숙명여자대학교,,
,37.5459469,126.9645778,숙명여자대학교,,
,37.5459469,126.9645778,숙명여자대학교,,
,37.5459469,126.9645778,숙명여자대학교,,
,37.5459469,126.9645778,숙명여자대학교,,
,37.5459469,126.9645778,숙명여자대학교,,
,37.5459469,126.9645778,숙명여자대학교,,
,37.5459469,126.9645778,숙명여자대학교,,
,37.5459469,126.9645778,숙명여자대학교,,
,37.3754977,126.6332532,인천대학교,,
,37.3754977,126.6332532,인천대학교,,
,37.3754977,126.6332532,인천대학교,,
,37.3754977,126.6332532,인천대학교,,
,37.3754977,126.6332532,인천대학교,,
,37.3754977,126.6332532,인천대학교,,
,37.3754977,126.6332532,인천대학교,,
,37.3754977,126.6332532,인천대학교,,
,37.3754977,126.6332532,인천대학교,,
,37.3754977,126.6332532,인천대학교,,
,37.3754977,126.6332532,인천대학교,,
,37.3754977,126.6332532,인천대학교,,
,37.3754977,126.6332532,인천대학교,,
,37.3754977,126.6332532,인천대학교,,
,37.3754977,126.6332532,인천대학교,,
,37.3754977,126.6332532,인천대학교,,
,37.3754977,126.6332532,인천대학교,,
,37.3754977,126.6332532,인천대학교,,
,37.3754977,126.6332532,인천대학교,,
,37.3754977,126.6332532,인천대학교,,
,37.3754977,126.6332532,인천대학교,,
,37.3754977,126.6332532,인천대학교,,
,37.3754977,126.6332532,인천대학교,,
,37.3754977,126.6332532,인천대학교,,
,37.3754977,126.6332532,인천대학교,,
,37.3754977,126.6332532,인천대학교,,
,37.3754977,126.6332532,인천대학교,,
,37.3754977,126.6332532,인천대학교,,
,37.3754977,126.6332532,인천대학교,,
,37.3754977,126.6332532,인천대학교,,
,37.3754977,126.6332532,인천대학교,,
,37.3754977,126.6332532,인천대학교,,
,37.3754977,126.6332532,인천대학교,,
,37.3754977,126.6332532,인천대학교,,
,37.3754977,126.6332532,인천대학교,,
,37.3754977,126.6332532,인천대학교,,
,37.3754977,126.6332532,인천대학교,,
,37.3754977,126.6332532,인천대학교,,
,37.3754977,126.6332532,인천대학교,,
,37.3754977,126.6332532,인천대학교,,
,37.3754977,126.6332532,인천대학교,,
,37.3754977,126.6332532,인천대학교,,
,37.3754977,126.6332532,인천대학교,,
,37.3754977,126.6332532,인천대학교,,
,37.3754977,126.6332532,인천대학교,,
,37.3754977,126.6332532,인천대학교,,
,37.3754977,126.6332532,인천대학교,,
,37.3754977,126.6332532,인천대학교,,
,37.3754977,126.6332532,인천대학교,,
,37.3754977,126.6332532,인천대학교,,
,37.3754977,126.6332532,인천대학교,,
,37.2087424,126.9765717,수원대학교,,
,37.2087424,126.9765717,수원대학교,,
,37.2087424,126.9765717,수원대학교,,
,37.2087424,126.9765717,수원대학교,,
,37.2087424,126.9765717,수원대학교,,
,37.2087424,126.9765717,수원대학교,,
,37.2087424,126.9765717,수원대학교,,
,37.2087424,126.9765717,수원대학교,,
,37.2087424,126.9765717,수원대학교,,
,37.2087424,126.9765717,수원대학교,,
,37.2087424,126.9765717,수원대학교,,
,37.2087424,126.9765717,수원대학교,,
,37.2087424,126.9765717,수원대학교,,
,37.2087424,126.9765717,수원대학교,,
,37.2087424,126.9765717,수원대학교,,
,37.2087424,126.9765717,수원대학교,,
,37.2087424,126.9765717,수원대학교,,
,37.2087424,126.9765717,수원대학교,,
,37.2087424,126.9765717,수원대학교,,
,37.2087424,126.9765717,수원대학교,,
,37.2087424,126.9765717,수원대학교,,
,37.2087424,126.9765717,수원대학교,,
,37.2087424,126.9765717,수원대학교,,
,37.2087424,126.9765717,수원대학교,,
,37.2087424,126.9765717,수원대학교,,
,37.2087424,126.9765717,수원대학교,,
,37.2087424,126.9765717,수원대학교,,
,37.2087424,126.9765717,수원대학교,,
,37.2087424,126.9765717,수원대학교,,
,37.2087424,126.9765717,수원대학교,,
,37.2087424,126.9765717,수원대학교,,
,37.2087424,126.9765717,수원대학교,,
,37.2087424,126.9765717,수원대학교,,
,37.2087424,126.9765717,수원대학교,,
,37.2087424,126.9765717,수원대학교,,
,37.2087424,126.9765717,수원대학교,,
,37.2087424,126.9765717,수원대학교,,
,37.2087424,126.9765717,수원대학교,,
,37.2087424,126.9765717,수원대학교,,
,37.2087424,126.9765717,수원대학교,,
,37.5899103,127.0318122,고려대학교,,
,37.5899103,127.0318122,고려대학교,,
,37.5899103,127.0318122,고려대학교,,
,37.5899103,127.0318122,고려대학교,,
,37.5899103,127.0318122,고려대학교,,
,37.5899103,127.0318122,고려대학교,,
,37.5899103,127.0318122,고려대학교,,
,37.5899103,127.0318122,고려대학교,,
,37.5899103,127.0318122,고려대학교,,
,37.5899103,127.0318122,고려대학교,,
,37.5899103,127.0318122,고려대학교,,
,37.5899103,127.0318122,고려대학교,,
,37.5899103,127.0318122,고려대학교,,
,37.5899103,127.0318122,고려대학교,,
,37.5899103,127.0318122,고려대학교,,
,37.5899103,127.0318122,고려대학교,,
,37.5899103,127.0318122,고려대학교,,
,37.5899103,127.0318122,고려대학교,,
,37.5899103,127.0318122,고려대학교,,
,37.5899103,127.0318122,고려대학교,,
,37.5899103,127.0318122,고려대학교,,
,37.5899103,127.0318122,고려대학교,,
,37.5899103,127.0318122,고려대학교,,
,37.5899103,127.0318122,고려대학교,,
,37.5899103,127.0318122,고려대학교,,
,37.5899103,127.0318122,고려대학교,,
,37.5899103,127.0318122,고려대학교,,
,37.5899103,127.0318122,고려대학교,,
,37.5899103,127.0318122,고려대학교,,
,37.5899103,127.0318122,고려대학교,,
,37.5899103,127.0318122,고려대학교,,
,37.5899103,127.0318122,고려대학교,,
,37.5899103,127.0318122,고려대학교,,
,37.5899103,127.0318122,고려대학교,,
,37.5899103,127.0318122,고려대학교,,
,37.5899103,127.0318122,고려대학교,,
,37.5899103,127.0318122,고려대학교,,
,37.5899103,127.0318122,고려대학교,,
,37.5899103,127.0318122,고려대학교,,
,37.5899103,127.0318122,고려대학교,,
,37.5899103,127.0318122,고려대학교,,
,37.5899103,127.0318122,고려대학교,,
,37.5899103,127.0318122,고려대학교,,
,37.5899103,127.0318122,고려대학교,,
,37.5899103,127.0318122,고려대학교,,
,37.5899103,127.0318122,고려대학교,,
,37.5899103,127.0318122,고려대학교,,
,37.5899103,127.0318122,고려대학교,,
,37.5899103,127.0318122,고려대학교,,
,37.5899103,127.0318122,고려대학교,,
,37.5899103,127.0318122,고려대학교,,
,37.5899103,127.0318122,고려대학교,,
,37.5899103,127.0318122,고려대학교,,
,37.5899103,127.0318122,고려대학교,,
,37.5517132,126.9410634,서강대학교(학생부종합 자기주도형),,
,37.5517132,126.9410634,서강대학교(학생부종합 자기주도형),,
,37.5517132,126.9410634,서강대학교(학생부종합 자기주도형),,
,37.5517132,126.9410634,서강대학교(학생부종합 자기주도형),,
,37.5517132,126.9410634,서강대학교(학생부종합 자기주도형),,
,37.5517132,126.9410634,서강대학교(학생부종합 자기주도형),,
,37.5517132,126.9410634,서강대학교(학생부종합 자기주도형),,
,37.5517132,126.9410634,서강대학교(학생부종합 자기주도형),,
,37.5517132,126.9410634,서강대학교(학생부종합 자기주도형),,
,37.5517132,126.9410634,서강대학교(학생부종합 자기주도형),,
,37.5517132,126.9410634,서강대학교(학생부종합 자기주도형),,
,37.5517132,126.9410634,서강대학교(학생부종합 자기주도형),,
,37.5517132,126.9410634,서강대학교(학생부종합 자기주도형),,
,37.5517132,126.9410634,서강대학교(학생부종합 자기주도형),,
,37.5517132,126.9410634,서강대학교(학생부종합 자기주도형),,
,37.5517132,126.9410634,서강대학교(학생부종합 자기주도형),,
,37.5517132,126.9410634,서강대학교(학생부종합 자기주도형),,
,37.5517132,126.9410634,서강대학교(학생부종합 자기주도형),,
,37.5517132,126.9410634,서강대학교(학생부종합 자기주도형),,
,37.5517132,126.9410634,서강대학교(학생부종합 자기주도형),,
,37.5517132,126.9410634,서강대학교(학생부종합 자기주도형),,
,37.5517132,126.9410634,서강대학교(학생부종합 자기주도형),,
,37.5517132,126.9410634,서강대학교(학생부종합 자기주도형),,
,37.5048875,126.9573779,중앙대학교(다빈치),,
,37.5048875,126.9573779,중앙대학교(다빈치),,
,37.5048875,126.9573779,중앙대학교(다빈치),,
,37.5048875,126.9573779,중앙대학교(다빈치),,
,37.5048875,126.9573779,중앙대학교(다빈치),,
,37.5048875,126.9573779,중앙대학교(다빈치),,
,37.5048875,126.9573779,중앙대학교(다빈치),,
,37.5048875,126.9573779,중앙대학교(다빈치),,
,37.5048875,126.9573779,중앙대학교(다빈치),,
,37.5048875,126.9573779,중앙대학교(다빈치),,
,37.5048875,126.9573779,중앙대학교(다빈치),,
,37.5048875,126.9573779,중앙대학교(다빈치),,
,37.5048875,126.9573779,중앙대학교(다빈치),,
,37.5048875,126.9573779,중앙대학교(다빈치),,
,37.5048875,126.9573779,중앙대학교(다빈치),,
,37.5048875,126.9573779,중앙대학교(다빈치),,
,37.5048875,126.9573779,중앙대학교(다빈치),,
,37.5048875,126.9573779,중앙대학교(다빈치),,
,37.5048875,126.9573779,중앙대학교(다빈치),,
,37.5048875,126.9573779,중앙대학교(다빈치),,
,37.5048875,126.9573779,중앙대학교(다빈치),,
,37.5048875,126.9573779,중앙대학교(다빈치),,
,37.5048875,126.9573779,중앙대학교(다빈치),,
,37.5048875,126.9573779,중앙대학교(다빈치),,
,37.5048875,126.9573779,중앙대학교(다빈치),,
,37.5048875,126.9573779,중앙대학교(다빈치),,
,37.5048875,126.9573779,중앙대학교(다빈치),,
,37.5048875,126.9573779,중앙대학교(다빈치),,
,37.5048875,126.9573779,중앙대학교(다빈치),,
,37.5048875,126.9573779,중앙대학교(다빈치),,
,37.5048875,126.9573779,중앙대학교(다빈치),,
,37.5048875,126.9573779,중앙대학교(다빈치),,
,37.5048875,126.9573779,중앙대학교(다빈치),,
,37.5048875,126.9573779,중앙대학교(다빈치),,
,37.5048875,126.9573779,중앙대학교(다빈치),,
,37.5048875,126.9573779,중앙대학교(다빈치),,
,37.5048875,126.9573779,중앙대학교(다빈치),,
,37.5048875,126.9573779,중앙대학교(다빈치),,
,37.5048875,126.9573779,중앙대학교(다빈치),,
,37.5048875,126.9573779,중앙대학교(다빈치),,
,37.5048875,126.9573779,중앙대학교(다빈치),,
,37.5048875,126.9573779,중앙대학교(다빈치),,
,37.5048875,126.9573779,중앙대학교(다빈치),,
,37.5048875,126.9573779,중앙대학교(다빈치),,
,37.5048875,126.9573779,중앙대학교(다빈치),,
,37.5048875,126.9573779,중앙대학교(다빈치),,
,37.5048875,126.9573779,중앙대학교(다빈치),,
,37.5048875,126.9573779,중앙대학교(다빈치),,
,37.5048875,126.9573779,중앙대학교(다빈치),,
,37.5048875,126.9573779,중앙대학교(다빈치),,
,37.5048875,126.9573779,중앙대학교(다빈치),,
,37.5048875,126.9573779,중앙대학교(다빈치),,
,37.5048875,126.9573779,중앙대학교(탐구형),,
,37.5048875,126.9573779,중앙대학교(탐구형),,
,37.5048875,126.9573779,중앙대학교(탐구형),,
,37.5048875,126.9573779,중앙대학교(탐구형),,
,37.5048875,126.9573779,중앙대학교(탐구형),,
,37.5048875,126.9573779,중앙대학교(탐구형),,
,37.5048875,126.9573779,중앙대학교(탐구형),,
,37.5048875,126.9573779,중앙대학교(탐구형),,
,37.5048875,126.9573779,중앙대학교(탐구형),,
,37.5048875,126.9573779,중앙대학교(탐구형),,
,37.5048875,126.9573779,중앙대학교(탐구형),,
,37.5048875,126.9573779,중앙대학교(탐구형),,
,37.5048875,126.9573779,중앙대학교(탐구형),,
,37.5048875,126.9573779,중앙대학교(탐구형),,
,37.5048875,126.9573779,중앙대학교(탐구형),,
,37.5048875,126.9573779,중앙대학교(탐구형),,
,37.5048875,126.9573779,중앙대학교(탐구형),,
,37.5048875,126.9573779,중앙대학교(탐구형),,
,37.5048875,126.9573779,중앙대학교(탐구형),,
,37.5048875,126.9573779,중앙대학교(탐구형),,
,37.5048875,126.9573779,중앙대학교(탐구형),,
,37.5048875,126.9573779,중앙대학교(탐구형),,
,37.5048875,126.9573779,중앙대학교(탐구형),,
,37.5048875,126.9573779,중앙대학교(탐구형),,
,37.5048875,126.9573779,중앙대학교(탐구형),,
,37.5048875,126.9573779,중앙대학교(탐구형),,
,37.5048875,126.9573779,중앙대학교(탐구형),,
,37.5048875,126.9573779,중앙대학교(탐구형),,
,37.5048875,126.9573779,중앙대학교(탐구형),,
,37.5048875,126.9573779,중앙대학교(탐구형),,
,37.5048875,126.9573779,중앙대학교(탐구형),,
,37.5048875,126.9573779,중앙대학교(탐구형),,
,37.5048875,126.9573779,중앙대학교(탐구형),,
,37.5048875,126.9573779,중앙대학교(탐구형),,
,37.5048875,126.9573779,중앙대학교(탐구형),,
,37.5048875,126.9573779,중앙대학교(탐구형),,
,37.5048875,126.9573779,중앙대학교(탐구형),,
,37.5048875,126.9573779,중앙대학교(탐구형),,
,37.5048875,126.9573779,중앙대학교(탐구형),,
,37.5973078,127.0582878,한국외국어대학교,,
,37.5973078,127.0582878,한국외국어대학교,,
,37.5973078,127.0582878,한국외국어대학교,,
,37.5973078,127.0582878,한국외국어대학교,,
,37.5973078,127.0582878,한국외국어대학교,,
,37.5973078,127.0582878,한국외국어대학교,,
,37.5973078,127.0582878,한국외국어대학교,,
,37.5973078,127.0582878,한국외국어대학교,,
,37.5973078,127.0582878,한국외국어대학교,,
,37.5973078,127.0582878,한국외국어대학교,,
,37.5973078,127.0582878,한국외국어대학교,,
,37.5973078,127.0582878,한국외국어대학교,,
,37.5973078,127.0582878,한국외국어대학교,,
,37.5973078,127.0582878,한국외국어대학교,,
,37.5973078,127.0582878,한국외국어대학교,,
,37.5973078,127.0582878,한국외국어대학교,,
,37.5973078,127.0582878,한국외국어대학교,,
,37.5973078,127.0582878,한국외국어대학교,,
,37.5973078,127.0582878,한국외국어대학교,,
,37.5973078,127.0582878,한국외국어대학교,,
,37.5973078,127.0582878,한국외국어대학교,,
,37.5973078,127.0582878,한국외국어대학교,,
,37.5973078,127.0582878,한국외국어대학교,,
,37.5973078,127.0582878,한국외국어대학교,,
,37.5973078,127.0582878,한국외국어대학교,,
,37.5973078,127.0582878,한국외국어대학교,,
,37.5973078,127.0582878,한국외국어대학교,,
,37.5973078,127.0582878,한국외국어대학교,,
,37.5973078,127.0582878,한국외국어대학교,,
,37.5973078,127.0582878,한국외국어대학교,,
,37.5973078,127.0582878,한국외국어대학교,,
,37.5973078,127.0582878,한국외국어대학교,,
,37.5973078,127.0582878,한국외국어대학교,,
,37.5973078,127.0582878,한국외국어대학교,,
,37.5973078,127.0582878,한국외국어대학교,,
,37.5973078,127.0582878,한국외국어대학교,,
,37.3360003,127.2658394,한국외국어대학교,,
,37.3360003,127.2658394,한국외국어대학교,,
,37.3360003,127.2658394,한국외국어대학교,,
,37.3360003,127.2658394,한국외국어대학교,,
,37.3360003,127.2658394,한국외국어대학교,,
,37.3360003,127.2658394,한국외국어대학교,,
,37.3360003,127.2658394,한국외국어대학교,,
,37.3360003,127.2658394,한국외국어대학교,,
,37.3360003,127.2658394,한국외국어대학교,,
,37.3360003,127.2658394,한국외국어대학교,,
,37.3360003,127.2658394,한국외국어대학교,,
,37.3360003,127.2658394,한국외국어대학교,,
,37.3360003,127.2658394,한국외국어대학교,,
,37.3360003,127.2658394,한국외국어대학교,,
,37.3360003,127.2658394,한국외국어대학교,,
,37.3360003,127.2658394,한국외국어대학교,,
,37.3360003,127.2658394,한국외국어대학교,,
,37.3360003,127.2658394,한국외국어대학교,,
,37.3360003,127.2658394,한국외국어대학교,,
,37.3360003,127.2658394,한국외국어대학교,,
,37.3360003,127.2658394,한국외국어대학교,,
,37.3360003,127.2658394,한국외국어대학교,,
,37.3360003,127.2658394,한국외국어대학교,,
,37.3360003,127.2658394,한국외국어대학교,,
,37.3360003,127.2658394,한국외국어대학교,,
,37.3360003,127.2658394,한국외국어대학교,,
,37.3360003,127.2658394,한국외국어대학교,,
,37.3360003,127.2658394,한국외국어대학교,,
,37.3360003,127.2658394,한국외국어대학교,,
,37.3360003,127.2658394,한국외국어대학교,,
,37.3360003,127.2658394,한국외국어대학교,,
,37.3360003,127.2658394,한국외국어대학교,,
,37.3360003,127.2658394,한국외국어대학교,,
,37.3360003,127.2658394,한국외국어대학교,,
,37.3360003,127.2658394,한국외국어대학교,,
,37.3360003,127.2658394,한국외국어대학교,,
,37.3360003,127.2658394,한국외국어대학교,,
,37.3360003,127.2658394,한국외국어대학교,,
,37.3360003,127.2658394,한국외국어대학교,,
,37.3360003,127.2658394,한국외국어대학교,,
,37.3360003,127.2658394,한국외국어대학교,,
,37.5428904,127.0763376,건국대학교(KU자기추천),,
,37.5428904,127.0763376,건국대학교(KU자기추천),,
,37.5428904,127.0763376,건국대학교(KU자기추천),,
,37.5428904,127.0763376,건국대학교(KU자기추천),,
,37.5428904,127.0763376,건국대학교(KU자기추천),,
,37.5428904,127.0763376,건국대학교(KU자기추천),,
,37.5428904,127.0763376,건국대학교(KU자기추천),,
,37.5428904,127.0763376,건국대학교(KU자기추천),,
,37.5428904,127.0763376,건국대학교(KU자기추천),,
,37.5428904,127.0763376,건국대학교(KU자기추천),,
,37.5428904,127.0763376,건국대학교(KU자기추천),,
,37.5428904,127.0763376,건국대학교(KU자기추천),,
,37.5428904,127.0763376,건국대학교(KU자기추천),,
,37.5428904,127.0763376,건국대학교(KU자기추천),,
,37.5428904,127.0763376,건국대학교(KU자기추천),,
,37.5428904,127.0763376,건국대학교(KU자기추천),,
,37.5428904,127.0763376,건국대학교(KU자기추천),,
,37.5428904,127.0763376,건국대학교(KU자기추천),,
,37.5428904,127.0763376,건국대학교(KU자기추천),,
,37.5428904,127.0763376,건국대학교(KU자기추천),,
,37.5428904,127.0763376,건국대학교(KU자기추천),,
,37.5428904,127.0763376,건국대학교(KU자기추천),,
,37.5428904,127.0763376,건국대학교(KU자기추천),,
,37.5428904,127.0763376,건국대학교(KU자기추천),,
,37.5428904,127.0763376,건국대학교(KU자기추천),,
,37.5428904,127.0763376,건국대학교(KU자기추천),,
,37.5428904,127.0763376,건국대학교(KU자기추천),,
,37.5428904,127.0763376,건국대학교(KU자기추천),,
,37.5428904,127.0763376,건국대학교(KU자기추천),,
,37.5428904,127.0763376,건국대학교(KU자기추천),,
,37.5428904,127.0763376,건국대학교(KU자기추천),,
,37.5428904,127.0763376,건국대학교(KU자기추천),,
,37.5428904,127.0763376,건국대학교(KU자기추천),,
,37.5428904,127.0763376,건국대학교(KU자기추천),,
,37.5428904,127.0763376,건국대학교(KU자기추천),,
,37.5428904,127.0763376,건국대학교(KU자기추천),,
,37.5428904,127.0763376,건국대학교(KU자기추천),,
,37.5428904,127.0763376,건국대학교(KU자기추천),,
,37.5428904,127.0763376,건국대학교(KU자기추천),,
,37.5428904,127.0763376,건국대학교(KU자기추천),,
,37.5428904,127.0763376,건국대학교(KU자기추천),,
,37.5428904,127.0763376,건국대학교(KU자기추천),,
,37.5428904,127.0763376,건국대학교(KU자기추천),,
,37.5428904,127.0763376,건국대학교(KU자기추천),,
,37.5428904,127.0763376,건국대학교(KU자기추천),,
,37.5428904,127.0763376,건국대학교(KU자기추천),,
,37.5428904,127.0763376,건국대학교(KU자기추천),,
,37.5428904,127.0763376,건국대학교(KU자기추천),,
,37.5428904,127.0763376,건국대학교(KU학교추천),,
,37.5428904,127.0763376,건국대학교(KU학교추천),,
,37.5428904,127.0763376,건국대학교(KU학교추천),,
,37.5428904,127.0763376,건국대학교(KU학교추천),,
,37.5428904,127.0763376,건국대학교(KU학교추천),,
,37.5428904,127.0763376,건국대학교(KU학교추천),,
,37.5428904,127.0763376,건국대학교(KU학교추천),,
,37.5428904,127.0763376,건국대학교(KU학교추천),,
,37.5428904,127.0763376,건국대학교(KU학교추천),,
,37.5428904,127.0763376,건국대학교(KU학교추천),,
,37.5428904,127.0763376,건국대학교(KU학교추천),,
,37.5428904,127.0763376,건국대학교(KU학교추천),,
,37.5428904,127.0763376,건국대학교(KU학교추천),,
,37.5428904,127.0763376,건국대학교(KU학교추천),,
,37.5428904,127.0763376,건국대학교(KU학교추천),,
,37.5428904,127.0763376,건국대학교(KU학교추천),,
,37.5428904,127.0763376,건국���학교(KU학교추천),,
,37.5428904,127.0763376,건국대학교(KU학교추천),,
,37.5428904,127.0763376,건국대학교(KU학교추천),,
,37.5428904,127.0763376,건국대학교(KU학교추천),,
,37.5428904,127.0763376,건국대학교(KU학교추천),,
,37.5428904,127.0763376,건국대학교(KU학교추천),,
,37.5617773,126.9466193,이화여자대학교,,
,37.5617773,126.9466193,이화여자대학교,,
,37.5617773,126.9466193,이화여자대학교,,
,37.5617773,126.9466193,이화여자대학교,,
,37.5617773,126.9466193,이화여자대학교,,
,37.5617773,126.9466193,이화여자대학교,,
,37.5617773,126.9466193,이화여자대학교,,
,37.5617773,126.9466193,이화여자대학교,,
,37.5617773,126.9466193,이화여자대학교,,
,37.5617773,126.9466193,이화여자대학교,,
,37.5617773,126.9466193,이화여자대학교,,
,37.5617773,126.9466193,이화여자대학교,,
,37.5617773,126.9466193,이화여자대학교,,
,37.5617773,126.9466193,이화여자대학교,,
,37.5617773,126.9466193,이화여자대학교,,
,37.5617773,126.9466193,이화여자대학교,,
,37.5617773,126.9466193,이화여자대학교,,
,37.5617773,126.9466193,이화여자대학교,,
,37.5617773,126.9466193,이화여자대학교,,
,37.5617773,126.9466193,이화여자대학교,,
,37.5617773,126.9466193,이화여자대학교,,
,37.5617773,126.9466193,이화여자대학교,,
,37.5617773,126.9466193,이화여자대학교,,
,37.5617773,126.9466193,이화여자대학교,,
,37.5617773,126.9466193,이화여자대학교,,
,37.5617773,126.9466193,이화여자대학교,,
,37.5617773,126.9466193,이화여자대학교,,
,37.5617773,126.9466193,이화여자대학교,,
,37.5617773,126.9466193,이화여자대학교,,
,37.5617773,126.9466193,이화여자대학교,,
,37.5617773,126.9466193,이화여자대학교,,
,37.5617773,126.9466193,이화여자대학교,,
,37.5617773,126.9466193,이화여자대학교,,
,37.5617773,126.9466193,이화여자대학교,,
,37.5617773,126.9466193,이화여자대학교,,
,37.5617773,126.9466193,이화여자대학교,,
,37.5617773,126.9466193,이화여자대학교,,
,37.5617773,126.9466193,이화여자대학교,,
,37.5617773,126.9466193,이화여자대학교,,
,37.5617773,126.9466193,이화여자대학교,,
,37.5617773,126.9466193,이화여자대학교,,
,37.5617773,126.9466193,이화여자대학교,,
,37.5617773,126.9466193,이화여자대학교,,
,37.5617773,126.9466193,이화여자대학교,,
,37.5617773,126.9466193,이화여자대학교,,
,37.5617773,126.9466193,이화여자대학교,,
,37.5617773,126.9466193,이화여자대학교,,
,37.5617773,126.9466193,이화여자대학교,,
,37.5617773,126.9466193,이화여자대학교,,
,37.5617773,126.9466193,이화여자대학교,,
,37.5617773,126.9466193,이화여자대학교,,
,37.5617773,126.9466193,이화여자대학교,,
,37.5617773,126.9466193,이화여자대학교,,
,37.5617773,126.9466193,이화여자대학교,,
,37.2823216,127.0453396,아주대학교(ACE),,
,37.2823216,127.0453396,아주대학교(ACE),,
,37.2823216,127.0453396,아주대학교(ACE),,
,37.2823216,127.0453396,아주대학교(ACE),,
,37.2823216,127.0453396,아주대학교(ACE),,
,37.2823216,127.0453396,아주대학교(ACE),,
,37.2823216,127.0453396,아주대학교(ACE),,
,37.2823216,127.0453396,아주대학교(ACE),,
,37.2823216,127.0453396,아주대학교(ACE),,
,37.2823216,127.0453396,아주대학교(ACE),,
,37.2823216,127.0453396,아주대학교(ACE),,
,37.2823216,127.0453396,아주대학교(ACE),,
,37.2823216,127.0453396,아주대학교(ACE),,
,37.2823216,127.0453396,아주대학교(ACE),,
,37.2823216,127.0453396,아주대학교(ACE),,
,37.2823216,127.0453396,아주대학교(ACE),,
,37.2823216,127.0453396,아주대학교(ACE),,
,37.2823216,127.0453396,아주대학교(ACE),,
,37.2823216,127.0453396,아주대학교(ACE),,
,37.2823216,127.0453396,아주대학교(ACE),,
,37.2823216,127.0453396,아주대학교(ACE),,
,37.2823216,127.0453396,아주대학교(ACE),,
,37.2823216,127.0453396,아주대학교(ACE),,
,37.2823216,127.0453396,아주대학교(ACE),,
,37.2823216,127.0453396,아주대학교(ACE),,
,37.2823216,127.0453396,아주대학교(ACE),,
,37.2823216,127.0453396,아주대학교(ACE),,
,37.2823216,127.0453396,아주대학교(ACE),,
,37.2823216,127.0453396,아주대학교(ACE),,
,37.2823216,127.0453396,아주대학교(ACE),,
,37.2823216,127.0453396,아주대학교(ACE),,
,37.2823216,127.0453396,아주대학교(자기추천),,
,37.2823216,127.0453396,아주대학교(자기추천),,
,37.2823216,127.0453396,아주대학교(자기추천),,
,37.2823216,127.0453396,아주대학교(자기추천),,
,37.2823216,127.0453396,아주대학교(자기추천),,
,37.2823216,127.0453396,아주대학교(자기추천),,
,37.2823216,127.0453396,아주대학교(자기추천),,
,37.2823216,127.0453396,아주대학교(자기추천),,
,37.2823216,127.0453396,아주대학교(자기추천),,
,37.2823216,127.0453396,아주대학교(자기추천),,
,37.2823216,127.0453396,아주대학교(자기추천),,
,37.2823216,127.0453396,아주대학교(자기추천),,
,37.2823216,127.0453396,아주대학교(자기추천),,
,37.2823216,127.0453396,아주대학교(자기추천),,
,37.2823216,127.0453396,아주대학교(자기추천),,
,37.2823216,127.0453396,아주대학교(자기추천),,
,37.2823216,127.0453396,아주대학교(자기추천),,
,37.2823216,127.0453396,아주대학교(자기추천),,
,37.2823216,127.0453396,아주대학교(자기추천),,
,37.2823216,127.0453396,아주대학교(자기추천),,
,37.2823216,127.0453396,아주대학교(자기추천),,
,37.2823216,127.0453396,아주대학교(자기추천),,
,37.2823216,127.0453396,아주대학교(자기추천),,
,37.3211945,127.1325368,단국대학교(DKU),,
,37.3211945,127.1325368,단국대학교(DKU),,
,37.3211945,127.1325368,단국대학교(DKU),,
,37.3211945,127.1325368,단국대학교(DKU),,
,37.3211945,127.1325368,단국대학교(DKU),,
,37.3211945,127.1325368,단국대학교(DKU),,
,37.3211945,127.1325368,단국대학교(DKU),,
,37.3211945,127.1325368,단국대학교(DKU),,
,37.3211945,127.1325368,단국대학교(DKU),,
,37.3211945,127.1325368,단국대학교(DKU),,
,37.3211945,127.1325368,단국대학교(DKU),,
,37.3211945,127.1325368,단국대학교(DKU),,
,37.3211945,127.1325368,단국대학교(DKU),,
,37.3211945,127.1325368,단국대학교(DKU),,
,37.3211945,127.1325368,단국대학교(DKU),,
,37.3211945,127.1325368,단국대학교(DKU),,
,37.3211945,127.1325368,단국대학교(DKU),,
,37.3211945,127.1325368,단국대학교(DKU),,
,37.3211945,127.1325368,단국대학교(DKU),,
,37.3211945,127.1325368,단국대학교(DKU),,
,37.3211945,127.1325368,단국대학교(DKU),,
,37.3211945,127.1325368,단국대학교(DKU),,
,37.3211945,127.1325368,단국대학교(DKU),,
,37.3211945,127.1325368,단국대학교(DKU),,
,37.3211945,127.1325368,단국대학교(DKU),,
,37.3211945,127.1325368,단국대학교(DKU),,
,37.3211945,127.1325368,단국대학교(DKU),,
,37.3211945,127.1325368,단국대학교(DKU),,
,37.3211945,127.1325368,단국대학교(DKU),,
,37.3211945,127.1325368,단국대학교(DKU),,
,37.3005585,127.0347399,경기대학교(KGU학생부종합),,
,37.3005585,127.0347399,경기대학교(KGU학생부종합),,
,37.3005585,127.0347399,경기대학교(KGU학생부종합),,
,37.3005585,127.0347399,경기대학교(KGU학생부종합),,
,37.3005585,127.0347399,경기대학교(KGU학생부종합),,
,37.3005585,127.0347399,경기대학교(KGU학생부종합),,
,37.3005585,127.0347399,경기대학교(KGU학생부종합),,
,37.3005585,127.0347399,경기대학교(KGU학생부종합),,
,37.3005585,127.0347399,경기대학교(KGU학생부종합),,
,37.3005585,127.0347399,경기대학교(KGU학생부종합),,
,37.3005585,127.0347399,경기대학교(KGU학생부종합),,
,37.3005585,127.0347399,경기대학교(KGU학생부종합),,
,37.3005585,127.0347399,경기대학교(KGU학생부종합),,
,37.3005585,127.0347399,경기대학교(KGU학생부종합),,
,37.3005585,127.0347399,경기대학교(KGU학생부종합),,
,37.3005585,127.0347399,경기대학교(KGU학생부종합),,
,37.3005585,127.0347399,경기대학교(KGU학생부종합),,
,37.3005585,127.0347399,경기대학교(KGU학생부종합),,
,37.3005585,127.0347399,경기대학교(KGU학생부종합),,
,37.3005585,127.0347399,경기대학교(KGU학생부종합),,
,37.3005585,127.0347399,경기대학교(KGU학생부종합),,
,37.3005585,127.0347399,경기대학교(KGU학생부종합),,
,37.3005585,127.0347399,경기대학교(KGU학생부종합),,
,37.3005585,127.0347399,경기대학교(KGU학생부종합),,
,37.3005585,127.0347399,경기대학교(KGU학생부종합),,
,37.3005585,127.0347399,경기대학교(KGU학생부종합),,
,37.3005585,127.0347399,경기대학교(KGU학생부종합),,
,37.3005585,127.0347399,경기대학교(KGU학생부종합),,
,37.3005585,127.0347399,경기대학교(KGU학생부종합),,
,37.3005585,127.0347399,경기대학교(KGU학생부종합),,
,37.3005585,127.0347399,경기대학교(KGU학생부종합),,
,37.3005585,127.0347399,경기대학교(KGU학생부종합),,
,37.3005585,127.0347399,경기대학교(KGU학생부종합),,
,37.3005585,127.0347399,경기대학교(KGU학생부종합),,
,37.3005585,127.0347399,경기대학교(KGU학생부종합),,
,37.3005585,127.0347399,경기대학교(KGU학생부종합),,
,37.3005585,127.0347399,경기대학교(KGU학생부종합),,
,37.3005585,127.0347399,경기대학교(KGU학생부종합),,
,37.3005585,127.0347399,경기대학교(KGU학생부종합),,
,37.3005585,127.0347399,경기대학교(KGU학생부종합),,
,37.3005585,127.0347399,경기대학교(KGU학생부종합),,
,37.3005585,127.0347399,경기대학교(KGU학생부종합),,
,37.3005585,127.0347399,경기대학교(KGU학생부종합),,
,37.3005585,127.0347399,경기대학교(KGU학생부종합),,
,37.3005585,127.0347399,경기대학교(KGU학생부종합),,
,37.4501834,126.6563171,인하대학교,,
,37.4501834,126.6563171,인하대학교,,
,37.4501834,126.6563171,인하대학교,,
,37.4501834,126.6563171,인하대학교,,
,37.4501834,126.6563171,인하대학교,,
,37.4501834,126.6563171,인하대학교,,
,37.4501834,126.6563171,인하대학교,,
,37.4501834,126.6563171,인하대학교,,
,37.4501834,126.6563171,인하대학교,,
,37.4501834,126.6563171,인하대학교,,
,37.4501834,126.6563171,인하대학교,,
,37.4501834,126.6563171,인하대학교,,
,37.4501834,126.6563171,인하대학교,,
,37.4501834,126.6563171,인하대학교,,
,37.4501834,126.6563171,인하대학교,,
,37.4501834,126.6563171,인하대학교,,
,37.4501834,126.6563171,인하대학교,,
,37.4501834,126.6563171,인하대학교,,
,37.4501834,126.6563171,인하대학교,,
,37.4501834,126.6563171,인하대학교,,
,37.4501834,126.6563171,인하대학교,,
,37.4501834,126.6563171,인하대학교,,
,37.4501834,126.6563171,인하대학교,,
,37.4501834,126.6563171,인하대학교,,
,37.4501834,126.6563171,인하대학교,,
,37.4501834,126.6563171,인하대학교,,
,37.4501834,126.6563171,인하대학교,,
,37.4501834,126.6563171,인하대학교,,
,37.4501834,126.6563171,인하대학교,,
,37.4501834,126.6563171,인하대학교,,
,37.4501834,126.6563171,인하대학교,,
,37.4501834,126.6563171,인하대학교,,
,37.4501834,126.6563171,인하대학교,,
,37.4501834,126.6563171,인하대학교,,
,37.4501834,126.6563171,인하대학교,,
,37.4501834,126.6563171,인하대학교,,
,37.4501834,126.6563171,인하대학교,,
,37.4501834,126.6563171,인하대학교,,
,37.4501834,126.6563171,인하대학교,,
,37.4501834,126.6563171,인하대학교,,
,37.4501834,126.6563171,인하대학교,,
,37.4501834,126.6563171,인하대학교,,
,37.4501834,126.6563171,인하대학교,,
,37.4501834,126.6563171,인하대학교,,
,37.4501834,126.6563171,인하대학교,,
,37.4501834,126.6563171,인하대학교,,
,37.4501834,126.6563171,인하대학교,,
,37.4501834,126.6563171,인하대학교,,
,37.4501834,126.6563171,인하대학교,,
,37.4501834,126.6563171,인하대학교,,
,37.4501834,126.6563171,인하대학교,,
,37.4501834,126.6563171,인하대학교,,
,37.4501834,126.6563171,인하대학교,,
,37.4501834,126.6563171,인하대학교,,
,37.4501834,126.6563171,인하대학교,,
,37.4501834,126.6563171,인하대학교,,
,37.4501834,126.6563171,인하대학교,,
,37.4501834,126.6563171,인하대학교,,
,37.4501834,126.6563171,인하대학교,,
,37.4501834,126.6563171,인하대학교,,
,37.4501834,126.6563171,인하대학교,,
,37.4501834,126.6563171,인하대학교,,
,36.6301835,127.4548154,충북대학교(학생부 종합 1),,
,36.6301835,127.4548154,충북대학교(학생부 종합 1),,
,36.6301835,127.4548154,충북대학교(학생부 종합 1),,
,36.6301835,127.4548154,충북대학교(학생부 종합 1),,
,36.6301835,127.4548154,충북대학교(학생부 종합 1),,
,36.6301835,127.4548154,충북대학교(학생부 종합 1),,
,36.6301835,127.4548154,충북대학교(학생부 종합 1),,
,36.6301835,127.4548154,충북대학교(학생부 종합 1),,
,36.6301835,127.4548154,충북대학교(학생부 종합 1),,
,36.6301835,127.4548154,충북대학교(학생부 종합 1),,
,36.6301835,127.4548154,충북대학교(학생부 종합 1),,
,36.6301835,127.4548154,충북대학교(학생부 종합 1),,
,36.6301835,127.4548154,충북대학교(학생부 종합 1),,
,36.6301835,127.4548154,충북대학교(학생부 종합 1),,
,36.6301835,127.4548154,충북대학교(학생부 종합 1),,
,36.6301835,127.4548154,충북대학교(학생부 종합 1),,
,36.6301835,127.4548154,충북대학교(학생부 종합 1),,
,36.6301835,127.4548154,충북대학교(학생부 종합 1),,
,36.6301835,127.4548154,충북대학교(학생부 종합 1),,
,36.6301835,127.4548154,충북대학교(학생부 종합 1),,
,36.6301835,127.4548154,충북대학교(학생부 종합 1),,
,36.6301835,127.4548154,충북대학교(학생부 종합 1),,
,36.6301835,127.4548154,충북대학교(학생부 종합 1),,
,36.6301835,127.4548154,충북대학교(학생부 종합 1),,
,36.6301835,127.4548154,충북대학교(학생부 종합 1),,
,36.6301835,127.4548154,충북대학교(학생부 종합 1),,
,36.6301835,127.4548154,충북대학교(학생부 종합 1),,
,36.6301835,127.4548154,충북대학교(학생부 종합 1),,
,36.6301835,127.4548154,충북대학교(학생부 종합 1),,
,36.6301835,127.4548154,충북대학교(학생부 종합 1),,
,36.6301835,127.4548154,충북대학교(학생부 종합 1),,
,36.6301835,127.4548154,충북대학교(학생부 종합 1),,
,36.6301835,127.4548154,충북대학교(학생부 종합 1),,
,36.6301835,127.4548154,충북대학교(학생부 종합 1),,
,36.6301835,127.4548154,충북대학교(학생부 종합 1),,
,36.6301835,127.4548154,충북대학교(학생부 종합 1),,
,36.6301835,127.4548154,충북대학교(학생부 종합 1),,
,36.6301835,127.4548154,충북대학교(학생부 종합 1),,
,36.6301835,127.4548154,충북대학교(학생부 종합 1),,
,36.6301835,127.4548154,충북대학교(학생부 종합 1),,
,36.6301835,127.4548154,충북대학교(학생부 종합 1),,
,36.6301835,127.4548154,충북대학교(학생부 종합 1),,
,36.6301835,127.4548154,충북대학교(학생부 종합 1),,
,36.6301835,127.4548154,충북대학교(학생부 종합 1),,
,36.6301835,127.4548154,충북대학교(학생부 종합 1),,
,36.6301835,127.4548154,충북대학교(학생부 종합 1),,
,36.6301835,127.4548154,충북대학교(학생부 종합 1),,
,36.6301835,127.4548154,충북대학교(학생부 종합 1),,
,36.6301835,127.4548154,충북대학교(학생부 종합 1),,
,36.6301835,127.4548154,충북대학교(학생부 종합 1),,
,36.6301835,127.4548154,충북대학교(학생부 종합 1),,
,36.6301835,127.4548154,충북대학교(학생부 종합 1),,
,36.6301835,127.4548154,충북대학교(학생부 종합 1),,
,36.6301835,127.4548154,충북대학교(학생부 종합 1),,
,36.6301835,127.4548154,충북대학교(학생부 종합 1),,
,36.6301835,127.4548154,충북대학교(학생부 종합 1),,
,36.6301835,127.4548154,충북대학교(학생부 종합 1),,
,36.6301835,127.4548154,충북대학교(학생부 종합 1),,
,36.6301835,127.4548154,충북대학교(학생부 종합 1),,
,36.6301835,127.4548154,충북대학교(학생부 종합 1),,
,36.6301835,127.4548154,충북대학교(학생부 종합 1),,
,36.6301835,127.4548154,충북대학교(학생부 종합 1),,
,36.6301835,127.4548154,충북대학교(학생부 종합 1),,
,36.6301835,127.4548154,충북대학교(학생부 종합 1),,
,35.1778193,126.9080453,전남대학교(학생부종합 일반),,
,35.1778193,126.9080453,전남대학교(학생부종합 일반),,
,35.1778193,126.9080453,전남대학교(학생부종합 일반),,
,35.1778193,126.9080453,전남대학교(학생부종합 일반),,
,35.1778193,126.9080453,전남대학교(학생부종합 일반),,
,35.1778193,126.9080453,전남대학교(학생부종합 일반),,
,35.1778193,126.9080453,전남대학교(학생부종합 일반),,
,35.1778193,126.9080453,전남대학교(학생부종합 일반),,
,35.1778193,126.9080453,전남대학교(학생부종합 일반),,
,35.1778193,126.9080453,전남대학교(학생부종합 일반),,
,35.1778193,126.9080453,전남대학교(학생부종합 일반),,
,35.1778193,126.9080453,전남대학교(학생부종합 일반),,
,35.1778193,126.9080453,전남대학교(학생부종합 일반),,
,35.1778193,126.9080453,전남대학교(학생부종합 일반),,
,35.1778193,126.9080453,전남대학교(학생부종합 일반),,
,35.1778193,126.9080453,전남대학교(학생부종합 일반),,
,35.1778193,126.9080453,전남대학교(학생부종합 일반),,
,35.1778193,126.9080453,전남대학교(학생부종합 일반),,
,35.1778193,126.9080453,전남대학교(학생부종합 일반),,
,35.1778193,126.9080453,전남대학교(학생부종합 일반),,
,35.1778193,126.9080453,전남대학교(학생부종합 일반),,
,35.1778193,126.9080453,전남대학교(학생부종합 일반),,
,35.1778193,126.9080453,전남대학교(학생부종합 일반),,
,35.1778193,126.9080453,전남대학교(학생부종합 일반),,
,35.1778193,126.9080453,전남대학교(학생부종합 일반),,
,35.1778193,126.9080453,전남대학교(학생부종합 일반),,
,35.1778193,126.9080453,전남대학교(학생부종합 일반),,
,35.1778193,126.9080453,전남대학교(학생부종합 일반),,
,35.1778193,126.9080453,전남대학교(학생부종합 일반),,
,35.1778193,126.9080453,전남대학교(학생부종합 일반),,
,35.1778193,126.9080453,전남대학교(학생부종합 일반),,
,35.1778193,126.9080453,전남대학교(학생부종합 일반),,
,35.1778193,126.9080453,전남대학교(학생부종합 일반),,
,35.1778193,126.9080453,전남대학교(학생부종합 일반),,
,35.1778193,126.9080453,전남대학교(학생부종합 일반),,
,35.1778193,126.9080453,전남대학교(학생부종합 일반),,
,35.1778193,126.9080453,전남대학교(학생부종합 일반),,
,35.1778193,126.9080453,전남대학교(학생부종합 일반),,
,35.1778193,126.9080453,전남대학교(학생부종합 일반),,
,35.1778193,126.9080453,전남대학교(학생부종합 일반),,
,35.1778193,126.9080453,전남대학교(학생부종합 일반),,
,35.1778193,126.9080453,전남대학교(학생부종합 일반),,
,35.1778193,126.9080453,전남대학교(학생부종합 일반),,
,35.1778193,126.9080453,전남대학교(학생부종합 일반),,
,35.1778193,126.9080453,전남대학교(학생부종합 일반),,
,35.1778193,126.9080453,전남대학교(학생부종합 일반),,
,35.1778193,126.9080453,전남대학교(학생부종합 일반),,
,35.1778193,126.9080453,전남대학교(학생부종합 일반),,
,35.1778193,126.9080453,전남대학교(학생부종합 일반),,
,35.1778193,126.9080453,전남대학교(학생부종합 일반),,
,35.1778193,126.9080453,전남대학교(학생부종합 일반),,
,35.1778193,126.9080453,전남대학교(학생부종합 일반),,
,35.1778193,126.9080453,전남대학교(학생부종합 일반),,
,35.1778193,126.9080453,전남대학교(학생부종합 일반),,
,35.1778193,126.9080453,전남대학교(학생부종합 일반),,
,35.1778193,126.9080453,전남대학교(학생부종합 일반),,
,35.1778193,126.9080453,전남대학교(학생부종합 일반),,
,35.1778193,126.9080453,전남대학교(학생부종합 일반),,
,35.1778193,126.9080453,전남대학교(학생부종합 일반),,
,35.1778193,126.9080453,전남대학교(학생부종합 일반),,
,35.1778193,126.9080453,전남대학교(학생부종합 일반),,
,35.1778193,126.9080453,전남대학교(학생부종합 일반),,
,35.1778193,126.9080453,전남대학교(학생부종합 일반),,
,35.1778193,126.9080453,전남대학교(학생부종합 일반),,
,35.1778193,126.9080453,전남대학교(학생부종합 일반),,
,35.1778193,126.9080453,전남대학교(학생부종합 일반),,
,35.1778193,126.9080453,전남대학교(학생부종합 일반),,
,35.1778193,126.9080453,전남대학교(학생부종합 일반),,
,35.1778193,126.9080453,전남대학교(학생부종합 일반),,
,35.1778193,126.9080453,전남대학교(학생부종합 일반),,
,35.1778193,126.9080453,전남대학교(학생부종합 일반),,
,35.1778193,126.9080453,전남대학교(학생부종합 일반),,
,35.1778193,126.9080453,전남대학교(학생부종합 일반),,
,35.1778193,126.9080453,전남대학교(학생부종합 일반),,
,35.1778193,126.9080453,전남대학교(학생부종합 일반),,
,35.1778193,126.9080453,전남대학교(학생부종합 일반),,
,35.1778193,126.9080453,전남대학교(학생부종합 일반),,
,35.1778193,126.9080453,전남대학교(학생부종합 일반),,
,35.1778193,126.9080453,전남대학교(학생부종합 일반),,
,35.1778193,126.9080453,전남대학교(학생부종합 일반),,